id,availability,condition,description,image_link,link,title,price,brand
5c23177f1038977654dd794f,in stock,new,View to see more information on Amazon,http://homeklondike.site/wp-content/uploads/2016/12/2-smart-home-garden-device-click-and-grow.jpg,https://www.amazon.com/Click-Grow-Garden-Gardening-Capsules/dp/B01MRVMKQH?tag=bsanie00-20,Click & Grow Smart Garden 3,99,Click & Grow Smart Garden 3
5c318ae4ffb7ad00049ca407,in stock,new,View to see more information on Amazon,https://techgearlab-mvnab3pwrvp3t0.stackpathdns.com/photos/15/16/273125_17525_XL.jpg,https://www.amazon.com/Garmin-vívoactive-GPS-Smartwatch-Stainless-x/dp/B074KBWL9J?tag=bsanie00-20,Garmin vívoactive 3,217,Garmin vívoactive 3
5c31a003a7adcf000452d221,in stock,new,View to see more information on Amazon,https://static1.squarespace.com/static/576bf6f9197aeaf55ed0447d/5bf881188985839163a808c1/5c3037944fa51ae3f52710e0/1546663970746/71VT8eVdELL._SL1500_.jpg?format=750w,https://www.amazon.com/Sennheiser-CX-3-00-Black-Headphone/dp/B00NQ1808Y?tag=bsanie00-20,Sennheiser CX 3.00,39,Sennheiser CX 3.00
5c31a0c2a7adcf000452d222,in stock,new,View to see more information on Amazon,https://images-na.ssl-images-amazon.com/images/I/615WxvyEIBL._SX425_.jpg,https://www.amazon.com/dp/B07B41WS48?tag=bsanie00-20,AMD Ryzen 5 2600 Processor with Wraith Stealth Cooler,189,AMD Ryzen 5 2600 Processor with Wraith Stealth Cooler
5c31a0fea7adcf000452d223,in stock,new,View to see more information on Amazon,https://static1.squarespace.com/static/576bf6f9197aeaf55ed0447d/5bf881188985839163a808c1/5c2fd9faf950b711043a2fbf/1546667991208/81jlqikNG1L._SL1500_.jpg?format=1000w,https://www.amazon.com/Samsung-Endurance-128GB-Micro-Adapter/dp/B07B984HJ5?tag=bsanie00-20,Samsung PRO Endurance 128GB Micro SDXC Card,44,Samsung PRO Endurance 128GB Micro SDXC Card
5c31a128a7adcf000452d224,in stock,new,View to see more information on Amazon,https://static1.squarespace.com/static/576bf6f9197aeaf55ed0447d/5bf881188985839163a808c1/5c2fd865b8a0459a67f9e84d/1546639684283/61D02fJFS6L._SL1500_.jpg?format=750w,https://www.amazon.com/gp/product/B07HVFGVN3?tag=bsanie00-20,Soundcore Mini 2 Pocket Bluetooth Speaker 2-Pack,61,Soundcore Mini 2 Pocket Bluetooth Speaker 2-Pack
5c31a321a7adcf000452d225,in stock,new,View to see more information on Amazon,https://static1.squarespace.com/static/576bf6f9197aeaf55ed0447d/5bf881188985839163a808c1/5c2fe45dcd8366ef2a3a4d21/1546667859121/51eCqVfTTNL.jpg?format=750w,https://www.amazon.com/Seagate-Barracuda-Internal-3-5-Inch-ST8000DM004/dp/B075WYBQXJ?tag=bsanie00-20,Seagate Barracuda Internal Hard Drive 8TB,182,Seagate Barracuda Internal Hard Drive 8TB
5c3242be708ea90004e1aa8c,in stock,new,View to see more information on Amazon,https://encrypted-tbn0.gstatic.com/images?q=tbn:ANd9GcS4Lqeoqk7LKKS26FdfZ8qK0tuMGWnfBOaaaBeIhKUoLS8qAXuh,https://www.amazon.com/Vector-Robot-Anki-Amazon-Built/dp/B07G3ZNK4Y?tag=bsanie00-20,Vector Robot by Anki,239,Vector Robot by Anki
5c324449708ea90004e1aa8d,in stock,new,View to see more information on Amazon,https://amp.businessinsider.com/images/59c023a238d20d7f378b71f3-750-562.jpg,https://www.amazon.com/dp/B078HVJB69?tag=bsanie00-20,iPhone X,899,iPhone X
5c324518708ea90004e1aa8e,in stock,new,View to see more information on Amazon,https://cnet4.cbsistatic.com/img/1NcFMExN6qPJPNL2VkRT2i7qxOo=/970x0/2017/09/29/454c53d5-d0be-4c07-938c-6b130f4bb66f/gopro-hero-6-black-01.jpg,https://www.amazon.com/GoPro-HERO7-Black-Waterproof-Streaming-Stabilization/dp/B07GDGZCCH?tag=bsanie00-20,GoPro Hero 7 Black,366,GoPro Hero 7 Black
5c3245af708ea90004e1aa8f,in stock,new,View to see more information on Amazon,https://cnet3.cbsistatic.com/img/cXRwc4sMPkVhpovDAp9qQTkp3wg=/970x0/2017/02/23/5bf20b56-a1a7-4587-868f-f9f848dbc7bf/nintendo-switch-console-4923.jpg,https://www.amazon.com/Nintendo-Switch-Neon-Red-Blue-Joy/dp/B01MUAGZ49?tag=bsanie00-20,Nintendo Switch,299,Nintendo Switch
5c325d15437f1200043274fc,in stock,new,View to see more information on Amazon,https://amp.businessinsider.com/images/5bb28eb249aa8509aa5bf57a-960-720.jpg,https://www.amazon.com/All-new-Echo-Dot-3rd-Gen/dp/B0792KTHKJ?tag=bsanie00-20,Amazon Echo Dot (Gen 3),29,Amazon Echo Dot (Gen 3)
5c325dab437f1200043274fd,in stock,new,View to see more information on Amazon,https://cdn.vox-cdn.com/thumbor/KelhMK8of4SadAsWjvig9-MC4UY=/0x0:2040x1360/1200x0/filters:focal(0x0:2040x1360):no_upscale()/cdn.vox-cdn.com/uploads/chorus_asset/file/13194179/akrales_180928_2979_0032.jpg,https://www.amazon.com/Portal-Facebook-Hands-Free-Calling-Built/dp/B07HG62QQZ?tag=bsanie00-20,Portal from Facebook,199,Portal from Facebook
5c325e01437f1200043274fe,in stock,new,View to see more information on Amazon,https://fbnewsroomus.files.wordpress.com/2018/10/portal_light_a.jpg?w=960,https://www.amazon.com/Portal-Facebook-Hands-Free-Calling-Built/dp/B07HFWG8S4?tag=bsanie00-20,Portal Plus from Facebook,349,Portal Plus from Facebook
5c325f4a437f120004327501,in stock,new,View to see more information on Amazon,https://target.scene7.com/is/image/Target/GUEST_6ae6702b-c0b5-427b-8b74-cf2761aaca3b?wid=488&hei=488&fmt=pjpeg,https://www.amazon.com/dp/B00N2ZDXW2?tag=bsanie00-20,Ring Video Doorbell,99,Ring Video Doorbell
5c325fe0437f120004327502,in stock,new,View to see more information on Amazon,https://amp.businessinsider.com/images/5b364837c60fa428008b482a-750-563.jpg,https://www.amazon.com/dp/B01DM6BDA4?tag=bsanie00-20,Ring Video Doorbell Pro,249,Ring Video Doorbell Pro
5c32605e437f120004327503,in stock,new,View to see more information on Amazon,https://smedia.webcollage.net/rwvfp/wc/cp/28008473_legacycode/module/nestus//_cp/products/1445909026068/tab-ea537116-45db-4b2a-a806-bde297680653/58205137-4214-4926-967c-4f8fcc1db929.jpg.w960.jpg,https://www.amazon.com/Nest-T3007ES-Thermostat-Temperature-Generation/dp/B0131RG6VK?tag=bsanie00-20,Nest Thermostat,219,Nest Thermostat
5c3260c6437f120004327504,in stock,new,View to see more information on Amazon,https://smedia.webcollage.net/rwvfp/wc/cp/28257809_legacycode/module/nestus//_cp/products/1470263251048/tab-8bc63891-85dd-4a3a-89a9-3d5e3811438d/46bad326-898d-4d6a-ac9c-d5598ed0e2ad.jpg.w960.jpg,https://www.amazon.com/dp/B01I3I9L8M?tag=bsanie00-20,Nest Outdoor Camera,174,Nest Outdoor Camera
5c32611f437f120004327505,in stock,new,View to see more information on Amazon,https://www.imore.com/sites/imore.com/files/styles/xlarge/public/field/image/2017/02/nest-cam-hero.jpg?itok=0JyPRF_r,https://www.amazon.com/Nest-Security-Camera-Matters-Anywhere/dp/B00WBJGUA2?tag=bsanie00-20,Nest Indoor Camera,168,Nest Indoor Camera
5c32623981a1580004b023e4,in stock,new,View to see more information on Amazon,https://cdn.coolstuff.com/autogen/preset/aspectThumb/1200x900/94b612a5f49c5d061788886a46b7cdc5.jpg,https://www.amazon.com/Rocketbook-Erasable-Reusable-Wirebound-Notebook/dp/B071Y3MSRK?tag=bsanie00-20,Rocketbook Erasable,29,Rocketbook Erasable
5c32629e81a1580004b023e5,in stock,new,View to see more information on Amazon,http://cdn.shopify.com/s/files/1/2366/5531/products/61IyC9VJL-L._SL1500._1024x1024.jpg?v=1527273179,https://www.amazon.com/Ember-Temperature-Control-Ceramic-Mug/dp/B0773WG6NK?tag=bsanie00-20,Ember Temperature Control Ceramic Mug,79,Ember Temperature Control Ceramic Mug
5c32638f81a1580004b023e6,in stock,new,View to see more information on Amazon,https://static.keymusic.com/products/265136/XL/roli-songmaker-kit-8.jpg,https://www.amazon.com/ROLI-ROL-001833-Songmaker-Kit/dp/B07BHX27TQ?tag=bsanie00-20,ROLI Songmaker Kit,599,ROLI Songmaker Kit
5c32644281a1580004b023e7,in stock,new,View to see more information on Amazon,http://eastcutcollective.com/content/images/2017/08/Awair-Smart-Air-Quality-Monitor-1.jpg,https://www.amazon.com/Awair-2nd-Invisible-Quality-Chemicals/dp/B07F282LF4?tag=bsanie00-20,Awair Air Quality Moniter (2nd Gen),196,Awair Air Quality Moniter (2nd Gen)
5c32653881a1580004b023e8,in stock,new,View to see more information on Amazon,https://worldwidewallets.com/wp-content/uploads/sites/3/2017/08/ledger-nano-s-auth-1024.jpg,https://www.amazon.com/gp/product/B07FY5R77T?tag=bsanie00-20,Ledger Nano S,58,Ledger Nano S
5c3265b381a1580004b023e9,in stock,new,View to see more information on Amazon,http://www.thegifthunt.com/wp-content/uploads/2016/09/tile-app5.jpg,https://www.amazon.com/gp/product/B011HT91DO?tag=bsanie00-20,Tile (Gen 2) - 4 Pack,39,Tile (Gen 2) - 4 Pack
5c33e20e95f427000444f003,in stock,new,View to see more information on Amazon,https://www.chefscatalog.com/pub/media/catalog/product/cache/image/770x610/d66cd8692d5d2476ddd9de7660f2db26/h/t/httpssystem.na2.netsuite.comcoremediamedia.nlid101296c4678924h4387c7aa5a7ce69cd766.jpg,https://www.amazon.com/DASH-Compact-Electric-Digital-Temperature/dp/B07GP6CJPM?tag=bsanie00-20,DASH Compact Electric Air Fryer,69,DASH Compact Electric Air Fryer
5c33e33795f427000444f004,in stock,new,View to see more information on Amazon,https://i.ytimg.com/vi/9fWuY05P8rM/maxresdefault.jpg,https://www.amazon.com/NIX-Advance-Hi-Res-Digital-Motion/dp/B078NMBHS8?tag=bsanie00-20,NIX Advance Digital Photo Frame,79,NIX Advance Digital Photo Frame
5c33e3b895f427000444f005,in stock,new,View to see more information on Amazon,https://macsources.com/wp-content/uploads/2018/03/featured-Rocketbook-EverlastMini-Indiegogo.jpg,https://www.amazon.com/Rocketbook-Everlast-Reusable-Notebook-EVR-M-K/dp/B07CYZYVMD?tag=bsanie00-20,Rocketbook Everlast Mini Smart,14,Rocketbook Everlast Mini Smart
5c33e45995f427000444f006,in stock,new,View to see more information on Amazon,https://thegadgetflow.com/wp-content/uploads/2018/08/Petronics-Mousr-Robotic-Cat-Toy-04.jpg,https://www.amazon.com/Petronics-Interactive-Robotic-Automatically-Smartphone/dp/B07HBC5M6Q?tag=bsanie00-20,Petronics Mousr Interactive Robotic Cat Toy,149,Petronics Mousr Interactive Robotic Cat Toy
5c33e53895f427000444f007,in stock,new,View to see more information on Amazon,https://blog.wahoofitness.com/wp-content/uploads/2016/01/trackedyourworkout.jpg,https://www.amazon.com/Wahoo-TICKR-Heart-Monitor-Bluetooth/dp/B00INQVYZ8?tag=bsanie00-20,Wahoo TICKR Heart Rate Monitor,49,Wahoo TICKR Heart Rate Monitor
5c33e60495f427000444f008,in stock,new,View to see more information on Amazon,https://ksassets.timeincuk.net/wp/uploads/sites/54/2017/11/P1030266-1024x683.jpg,https://www.amazon.com/Motiv-Ring-Fitness-Sleep-Tracker/dp/B076MJT99X?tag=bsanie00-20,"Motiv Ring Fitness, Sleep and Heart Rate Tracker",199,"Motiv Ring Fitness, Sleep and Heart Rate Tracker"
5c33e68c95f427000444f009,in stock,new,View to see more information on Amazon,https://cdn3.volusion.com/fyzag.chpkr/v/vspfiles/photos/iFetchToo-2.jpg?1472105826,https://www.amazon.com/iFetch-Interactive-Ball-Launcher-Dogs/dp/B018HQTXB0?tag=bsanie00-20,iFetch Too Interactive Ball Launcher for Dogs,197,iFetch Too Interactive Ball Launcher for Dogs
5c33e6eb95f427000444f00a,in stock,new,View to see more information on Amazon,https://pisces.bbystatic.com/image2/BestBuy_US/images/products/6201/6201433cv13d.jpg,https://www.amazon.com/Kinsa-QuickCare-Smart-Digital-Thermometer/dp/B0795ZW85G?tag=bsanie00-20,Kinsa QuickCare Smart Digital Thermometer,19,Kinsa QuickCare Smart Digital Thermometer
5c33e7fc95f427000444f00b,in stock,new,View to see more information on Amazon,https://images-na.ssl-images-amazon.com/images/I/71PlzYTu89L._SX425_.jpg,https://www.amazon.com/Victrola-Bluetooth-Suitcase-Turntable-Speakers/dp/B00UMVW4VA?tag=bsanie00-20,Victrola Vintage 3-Speed Bluetooth Suitcase Turntable,42,Victrola Vintage 3-Speed Bluetooth Suitcase Turntable
5c33e92095f427000444f00c,in stock,new,View to see more information on Amazon,https://cdn11.bigcommerce.com/s-37777/images/stencil/1000x1000/products/1885/6018/iRobot_roomba_890_robotic_vacuum_cleaner_area_rugs__25876.1510939349.jpg?c=2,https://www.amazon.com/iRobot-Roomba-675-Connectivity-Carpets/dp/B07DL4QY5V?tag=bsanie00-20,iRobot Roomba 675 Robot Vacuum,229,iRobot Roomba 675 Robot Vacuum
5c33e9f095f427000444f00d,in stock,new,View to see more information on Amazon,https://blog.ring.com/wp-content/uploads/2018/06/Ring-Alarm-Blog-2A-1080x675.jpg,https://www.amazon.com/Ring-Alarm-Professional-Monitoring-contracts/dp/B07D7Q6CHB?tag=bsanie00-20,Ring Alarm – Home Security System,199,Ring Alarm – Home Security System
5c33ea8995f427000444f00e,in stock,new,View to see more information on Amazon,https://cdn.vox-cdn.com/thumbor/8YZ4IFjW81RMLnBPQn9Rg5YphhY=/0x0:2040x1360/1200x800/filters:focal(857x517:1183x843)/cdn.vox-cdn.com/uploads/chorus_image/image/58121233/cwelch_171017_2068_0004.0.jpg,https://www.amazon.com/All-New-Sonos-One-Controlled-Speaker-x/dp/B074XN1LH3?tag=bsanie00-20,Sonos One,199,Sonos One
5c33eac995f427000444f00f,in stock,new,View to see more information on Amazon,https://thegadgetflow.com/wp-content/uploads/2015/09/Connect-Wireless-Music-Player-by-Sonos-04.jpg,https://www.amazon.com/Sonos-Connect-Component-Streaming-certified/dp/B001CROHX6?tag=bsanie00-20,Sonos Connect – Wireless Home Audio Receiver,349,Sonos Connect – Wireless Home Audio Receiver
5c33ec5b95f427000444f010,in stock,new,View to see more information on Amazon,https://cdn.alzashop.com/Foto/LegendFoto/photos/OF1112d_1.jpg,https://www.amazon.com/dp/B06WW64YM6?tag=bsanie00-20,Fujifilm Instax Mini 9,49,Fujifilm Instax Mini 9
5c33ed0c95f427000444f011,in stock,new,View to see more information on Amazon,https://prod-cdn.thekrazycouponlady.com/wp-content/uploads/2018/07/gopro-session-1531847465-e1531847946625.jpg,https://www.amazon.com/GoPro-Session-Waterproof-Certified-Refurbished/dp/B06XWLWH6Y?tag=bsanie00-20,GoPro Hero Session,108,GoPro Hero Session
5c33ed4995f427000444f012,in stock,new,View to see more information on Amazon,https://s3.amazonaws.com/images.gearjunkie.com/uploads/2018/07/Noel_Rylo_360_3.jpg,https://www.amazon.com/Rylo-360-Video-Camera-Stabilization/dp/B07GBG5V12?tag=bsanie00-20,Rylo 360 Video Camera,499,Rylo 360 Video Camera
5c33ede195f427000444f013,in stock,new,View to see more information on Amazon,https://shotkit.com/wp-content/uploads/2018/12/Sony_a6500_review_08.jpg,https://www.amazon.com/Sony-Alpha-Mirrorless-Digital-Camera/dp/B01M586Y9R?tag=bsanie00-20,Sony a6500 Mirrorless Digital Camera,1198,Sony a6500 Mirrorless Digital Camera
5c33ef5f95f427000444f014,in stock,new,View to see more information on Amazon,https://ksassets.timeincuk.net/wp/uploads/sites/54/2018/02/DSC0771-1024x683.jpg,https://www.amazon.com/Sony-Full-Frame-Mirrorless-Interchangeable-Lens-ILCE7M3/dp/B07B43WPVK?tag=bsanie00-20,Sony a7 III Full-Frame Mirrorless Camera,1998,Sony a7 III Full-Frame Mirrorless Camera
5c33f0c395f427000444f015,in stock,new,View to see more information on Amazon,https://cnet3.cbsistatic.com/img/QGGQlOncCEZZjX148QCpa07QBwQ=/830x467/2014/09/19/e6947448-a7b4-4ee7-b0ce-d0dbc1015f92/polaroid-cube-product-photos01.jpg,https://www.amazon.com/Polaroid-Lifestyle-Action-Camera-Stabilization/dp/B011OUSSL2?tag=bsanie00-20,Polaroid Cube Plus 1440p Mini Lifestyle Action Camera,99,Polaroid Cube Plus 1440p Mini Lifestyle Action Camera
5c33f54b95f427000444f016,in stock,new,View to see more information on Amazon,https://icdn2.digitaltrends.com/image/956ca435191905074f4a80df70548475_original-640x640.jpg,https://www.amazon.com/Light-Photo-Video-Content-Creation/dp/B07JBB6L22?tag=bsanie00-20,Lume Cube AIR LED,69,Lume Cube AIR LED
5c33f5d695f427000444f017,in stock,new,View to see more information on Amazon,https://cdn.vitecimagingsolutions.com/pub/media/catalog/product/cache/e4d64343b1bc593f1c5348fe05efa4a6/c/a/camera-gorillapod-tripods-gpod-kit-3k-branch-sq-jb01507-config.jpg,https://www.amazon.com/GorillaPod-Compact-Ballhead-Mirrorless-Charcoal/dp/B074WC9YKL?tag=bsanie00-20,JOBY GorillaPod 3K,49,JOBY GorillaPod 3K
5c33f72b95f427000444f018,in stock,new,View to see more information on Amazon,https://www.protel.co.nz/ic/3425569173/Genie-Mini-Environment2.1.jpg,https://www.amazon.com/Syrp-Genie-Camera-Motion-Control/dp/B017THGEFQ?tag=bsanie00-20,Syrp Genie Mini Camera Motion Control,249,Syrp Genie Mini Camera Motion Control
5c33f82395f427000444f019,in stock,new,View to see more information on Amazon,https://static.bhphotovideo.com/explora/sites/default/files/styles/top_shot/public/24273-ts.jpg?itok=hTUJALV4,https://www.amazon.com/Syrp-Genie-Camera-Motion-Control/dp/B017THGEFQ?tag=bsanie00-20,Syrp Genie II 3-Axis Kit,249,Syrp Genie II 3-Axis Kit
5c33f87a95f427000444f01a,in stock,new,View to see more information on Amazon,https://cdn.shopify.com/s/files/1/1050/9944/products/Counterweight_lifestyle3_1024x1024.jpg?v=1527722671,https://www.amazon.com/DJI-Mobile-Handheld-Smartphone-Gimbal-x/dp/B078XJSCYG?tag=bsanie00-20,DJI Osmo Mobile 2,129,DJI Osmo Mobile 2
5c33f94295f427000444f01b,in stock,new,View to see more information on Amazon,"https://www.popsci.com/sites/popsci.com/files/styles/1000_1x_/public/images/2018/02/dscf3088.jpg?itok=sFdk1pc7&fc=50,50",https://www.amazon.com/DJI-Mavic-Quadcopter-Remote-Controller/dp/B078WP48CH?tag=bsanie00-20,DJI Mavic Air,694,DJI Mavic Air
5c33f98595f427000444f01c,in stock,new,View to see more information on Amazon,https://i1.wp.com/digital-photography-school.com/wp-content/uploads/2017/09/DJI-Spark-Review-drone-controller.jpg?fit=750%2C500&ssl=1,https://www.amazon.com/DJI-Spark-Remote-Control-Combo/dp/B075TDRS2M?tag=bsanie00-20,DJI Spark,399,DJI Spark
5c33fae495f427000444f01d,in stock,new,View to see more information on Amazon,http://cdn.mysitoo.com/11243/res/boosted-stealth-size.jpg?v=1535140283,https://www.amazon.com/Boosted-BPN-102044-Stealth-Electric-Skateboard/dp/B07D9XKGK6?tag=bsanie00-20,Boosted Stealth,1599,Boosted Stealth
5c33fbe995f427000444f01e,in stock,new,View to see more information on Amazon,https://stupiddope.com/wp-content/uploads/2018/04/boosted-mini-electric-skateboard-4.jpg,https://www.amazon.com/Boosted-Mini-x-Electric-Skateboard/dp/B07D9XKGF1?tag=bsanie00-20,Boosted Mini x,999,Boosted Mini x
5c3ace96bc9bbb0004291782,in stock,new,View to see more information on Amazon,https://img.purch.com/apple-watch-series-4-001-jpg/w/755/aHR0cDovL21lZGlhLmJlc3RvZm1pY3JvLmNvbS9OLzcvNzk5MTcxL29yaWdpbmFsL2FwcGxlLXdhdGNoLXNlcmllcy00LTAwMS5qcGc=,https://www.amazon.com/Apple-Watch-GPS-44mm-Space-Aluminium/dp/B07K3HLMTF?tag=bsanie00-20,Apple Watch Series 4 (44mm),414,Apple Watch Series 4 (44mm)
5c3acf27bc9bbb0004291783,in stock,new,View to see more information on Amazon,https://gd1.alicdn.com/imgextra/i1/2586909304/TB2i53BaoafF1Jjy1XbXXaYiXXa_!!2586909304.jpg,https://www.amazon.com/Bose-QuietComfort-Wireless-Headphones-Cancelling/dp/B0756CYWWD?tag=bsanie00-20,Bose QuietComfort 35 (Series II),349,Bose QuietComfort 35 (Series II)
5c3ad028bc9bbb0004291784,in stock,new,View to see more information on Amazon,https://images-na.ssl-images-amazon.com/images/I/51REl80cUGL._SX569_.jpg,https://www.amazon.com/Upgraded-Bluetooth-Wireless-ENACFIRE-Playtime/dp/B07DDHBDYZ?tag=bsanie00-20,Enacfire E19 Wireless Earbuds,43,Enacfire E19 Wireless Earbuds
5c3ad0aebc9bbb0004291785,in stock,new,View to see more information on Amazon,https://images-na.ssl-images-amazon.com/images/I/81Fh72jhBFL._SX679_.jpg,https://www.amazon.com/BEACOO-Charging-AirPods-Holder-iPhone/dp/B077CZM19N?tag=bsanie00-20,Beacoo Apple Stand,25,Beacoo Apple Stand
5c3ad1a9bc9bbb0004291786,in stock,new,View to see more information on Amazon,https://cdn7.bigcommerce.com/s-hvhcbznkl4/images/stencil/2000x2000/products/7199/43215/91wFd8071fL._SL1500___00785.1539879440.jpg?c=2,https://www.amazon.com/Acer-SB220Q-Ultra-Thin-Frame-Monitor/dp/B07CVL2D2S?tag=bsanie00-20,"Acer SB220Q 21.5"" Full HD IPS Ultra-Thin Monitor",89,"Acer SB220Q 21.5"" Full HD IPS Ultra-Thin Monitor"
5c3ad204bc9bbb0004291787,in stock,new,View to see more information on Amazon,https://smartn-5owninysccwamz.netdna-ssl.com/wp-content/uploads/2018/03/Ring-chime-pro-lifestyle-3-min.jpg,https://www.amazon.com/Ring-Indoor-Extender-Network-Devices/dp/B01N9EX0YR?tag=bsanie00-20,Ring Chime Pro Wi-Fi Extender,49,Ring Chime Pro Wi-Fi Extender
5c3ad2cebc9bbb0004291788,in stock,new,View to see more information on Amazon,https://www.imore.com/sites/imore.com/files/styles/large/public/blink-security-camera-39up-39up.jpg?itok=D7LAU58t,https://www.amazon.com/Blink-Home-Security-Detection-Included/dp/B071YPNMN1?tag=bsanie00-20,Blink XT Home Security Camera System,319,Blink XT Home Security Camera System
5c3ad394bc9bbb0004291789,in stock,new,View to see more information on Amazon,https://cdn.vox-cdn.com/thumbor/yPFO23Zea-DqToEZ0tBwn0BQMrM=/0x0:2040x1360/1200x800/filters:focal(989x533:1315x859)/cdn.vox-cdn.com/uploads/chorus_image/image/62714834/vpavic_180321_2409_0163.0.jpg,https://www.amazon.com/Fitbit-Versa-Smart-Aluminium-Included/dp/B07B48SQGT?tag=bsanie00-20,Fitbit Versa,199,Fitbit Versa
5c3ad3e5bc9bbb000429178a,in stock,new,View to see more information on Amazon,https://cdn.neow.in/news/images/uploaded/2018/02/1517851980_screen_shot_2018-02-05_at_9.31.50_am_story.jpg,https://www.amazon.com/Amazfit-Smartwatch-Monitoring-Ultra-Long-Bluetooth/dp/B07CRSK5DM?tag=bsanie00-20,Amazfit Bip Smartwatch by Huami,79,Amazfit Bip Smartwatch by Huami
5c3ad440bc9bbb000429178b,in stock,new,View to see more information on Amazon,https://www.youbrandinc.com/wp-content/uploads/2018/08/HTC_Vive_stock_image_4-1024x683.jpg,https://www.amazon.com/HTC-VIVE-Virtual-Reality-System-pc/dp/B00VF5NT4I?tag=bsanie00-20,HTC VIVE Virtual Reality System,499,HTC VIVE Virtual Reality System
5c3ad533bc9bbb000429178c,in stock,new,View to see more information on Amazon,https://thegadgetflow.com/wp-content/uploads/2017/04/UPRIGHT-GO-Posture-Device-01.jpg,https://www.amazon.com/dp/B0747YHYZF?tag=bsanie00-20,Upright GO Posture Trainer,79,Upright GO Posture Trainer
5c3ad58ebc9bbb000429178d,in stock,new,View to see more information on Amazon,http://static.dudeiwantthat.com//img/exclusives/lametric-time-connected-smart-28184.jpg,https://www.amazon.com/gp/product/B01IVTVK3W?tag=bsanie00-20,LaMetric Clock,178,LaMetric Clock
5c3ad5d3bc9bbb000429178e,in stock,new,View to see more information on Amazon,https://thegadgetflow.com/wp-content/uploads/2016/12/Vufine-HD-Wearable-Display-1.jpg,https://www.amazon.com/gp/product/B01MZ89QXF?tag=bsanie00-20,Vufine Wearable Display,199,Vufine Wearable Display
5c3ad719bc9bbb000429178f,in stock,new,View to see more information on Amazon,https://www.androidcentral.com/sites/androidcentral.com/files/styles/large/public/spire-stone-41p9.jpg?itok=PhmR0jzW,https://www.amazon.com/gp/product/B00TH3SQOI?tag=bsanie00-20,Spire Stone: Stress Management and Activity Tracker,80,Spire Stone: Stress Management and Activity Tracker
5c3ad790bc9bbb0004291790,in stock,new,View to see more information on Amazon,https://thegadgetflow.com/wp-content/uploads/2015/12/muse-Brain-Sensing-Headband-03.jpg,https://www.amazon.com/Muse-Brain-Sensing-Headband-White/dp/B00OLUFWEE?tag=bsanie00-20,Muse: The Brain Sensing Headband,159,Muse: The Brain Sensing Headband
5c3ad86dbc9bbb0004291791,in stock,new,View to see more information on Amazon,https://cdn.shopify.com/s/files/1/0348/1157/products/Jamstik7_Car_Square_2048x.jpg?v=1543301770,https://www.amazon.com/dp/B07GFQNJXC?tag=bsanie00-20,Jamstik 7 Smart Guitar,229,Jamstik 7 Smart Guitar
5c3ad971bc9bbb0004291793,in stock,new,View to see more information on Amazon,https://cdn-s3.touchofmodern.com/products/000/752/992/09a6f1e404bb632569b0cb45f0638768_large.jpg?1500074892,https://www.amazon.com/gp/product/B01MAVVRRE?tag=bsanie00-20,Devialet Gold Phantom,2990,Devialet Gold Phantom
5c3ada13bc9bbb0004291794,in stock,new,View to see more information on Amazon,https://i.pinimg.com/originals/33/c1/ba/33c1ba7925c6cfcae2bb013471ef657b.jpg,https://www.amazon.com/gp/product/B06XSDSZ6J?tag=bsanie00-20,"Prynt Pocket, Instant Photo Printer for iPhone",120,"Prynt Pocket, Instant Photo Printer for iPhone"
5c3adadcbc9bbb0004291796,in stock,new,View to see more information on Amazon,https://nerdtechy.com/wp-content/uploads/2018/11/Devialet-Phantom-Reactor-5.jpg,https://www.amazon.com/gp/product/B015XDTSP6?tag=bsanie00-20,Devialet Classic Phantom,1690,Devialet Classic Phantom
5c3c20e4594bb50004fe195b,in stock,new,View to see more information on Amazon,https://ksassets.timeincuk.net/wp/uploads/sites/54/2017/10/DSCF9245-920x613.jpg,https://www.amazon.com/Huawei-Mate-Factory-Unlocked-5-93/dp/B0791VS3N9?tag=bsanie00-20,Huawei Mate SE,219,Huawei Mate SE
5c3c21a1594bb50004fe195c,in stock,new,View to see more information on Amazon,https://www.lowyat.net/wp-content/uploads/2017/09/vivo-v7-11.jpg,https://www.amazon.com/BLU-VIVO-XL4-Display-Smartphone/dp/B07JQC1FQJ?tag=bsanie00-20,BLU Vivo XL4,149,BLU Vivo XL4
5c3c2216594bb50004fe195d,in stock,new,View to see more information on Amazon,https://pocketnow.com/wp-content/uploads/2017/05/Galaxy-S8-Software.jpg,https://www.amazon.com/Samsung-Galaxy-S9-Unlocked-Smartphone/dp/B079H6RLKQ?tag=bsanie00-20,Samsung Galaxy S9,597,Samsung Galaxy S9
5c3c2280594bb50004fe195e,in stock,new,View to see more information on Amazon,https://c.slashgear.com/wp-content/uploads/2018/08/samsung-galaxy-note-9-slashgear-34-2-980x620.jpg,https://www.amazon.com/Samsung-Factory-Unlocked-Warranty-Midnight/dp/B07HR4FVDG?tag=bsanie00-20,Samsung Galaxy Note 9,795,Samsung Galaxy Note 9
5c3c239b594bb50004fe195f,in stock,new,View to see more information on Amazon,https://i-cdn.phonearena.com/images/article/107458-two_lead/You-may-want-to-save-the-October-4-date-for-Googles-Pixel-3-launch-event.jpg,https://www.amazon.com/Google-Pixel-Factory-Unlocked-Black/dp/B07JVDQP47?tag=bsanie00-20,Google Pixel 3,749,Google Pixel 3
5c3c2488594bb50004fe1960,in stock,new,View to see more information on Amazon,https://cdn.vox-cdn.com/thumbor/261zjFG9kxBcMqzHeGfyy3l5NjA=/0x0:6720x4480/1200x800/filters:focal(2823x1703:3897x2777)/cdn.vox-cdn.com/uploads/chorus_image/image/61519507/jbareham_180916_2948_0061_02.0.jpg,https://www.amazon.com/Apple-iPhone-Xs-64GB-Refurbished/dp/B07K8RQVHF?tag=bsanie00-20,iPhone Xs,1000,iPhone Xs
5c3c2548594bb50004fe1961,in stock,new,View to see more information on Amazon,https://icdn2.digitaltrends.com/image/apple-iphone-xr-hands-on-2-1500x1000.jpg,https://www.amazon.com/Apple-iPhone-XR-64GB-PRODUCT/dp/B07K97BQDF?tag=bsanie00-20,iPhone Xr,749,iPhone Xr
5c3c2684594bb50004fe1962,in stock,new,View to see more information on Amazon,https://assets.hardwarezone.com/img/2018/03/p20main.jpg,https://www.amazon.com/Huawei-Dual-SIM-Factory-Unlocked-Smartphone/dp/B07BHDMHR1?tag=bsanie00-20,Huawei P20 Pro,668,Huawei P20 Pro
5c3c26ad594bb50004fe1963,in stock,new,View to see more information on Amazon,https://root-nation.com/wp-content/uploads/2018/04/huawei-p20-lite-019.jpg,https://www.amazon.com/Huawei-P20-Lite-Unlocked-Smartphone/dp/B07C5HH17G?tag=bsanie00-20,Huawei P20 Lite,226,Huawei P20 Lite
5c3d6c8730e0a600043653b7,in stock,new,View to see more information on Amazon,https://images-na.ssl-images-amazon.com/images/I/71XfDSYun8L._SX466_.jpg,https://www.amazon.com/Tocode-Backpack-Backpacks-Resistant-Multi-Compartments/dp/B07DWP262J?tag=bsanie00-20,Tocode Tech Backpack,33,Tocode Tech Backpack
5c3d6d1d30e0a600043653b8,in stock,new,View to see more information on Amazon,https://cdn.vox-cdn.com/thumbor/hyUw0PwFmIc0xFdfX01YgveaSKM=/0x0:2000x1334/1200x800/filters:focal(969x493:1289x813)/cdn.vox-cdn.com/uploads/chorus_image/image/59551067/Oculus_Go_Product_Shot__1_.0.jpg,https://www.amazon.com/Oculus-Standalone-Virtual-Reality-Headset-pc/dp/B07B4NLKKF?tag=bsanie00-20,Oculus Go,249,Oculus Go
5c3d6d5b30e0a600043653b9,in stock,new,View to see more information on Amazon,https://www.technobuffalo.com/wp-content/uploads/2015/10/Samsung-Gear-S2-Review-3-1280x853.jpg,https://www.amazon.com/Samsung-Gear-S2-Smartwatch-Dark/dp/B015JQ62RY?tag=bsanie00-20,Samsung Gear S2,164,Samsung Gear S2
5c3d6dc830e0a600043653ba,in stock,new,View to see more information on Amazon,https://icdn2.digitaltrends.com/image/yi-4k-1-640x640.jpg?ver=1,https://www.amazon.com/YI-Discovery-Touchscreen-150°Wide-Underwater/dp/B076BPWXRG?tag=bsanie00-20,YI Discovery 4K Action Camera,59,YI Discovery 4K Action Camera
5c3d6e1330e0a600043653bb,in stock,new,View to see more information on Amazon,https://dekhekini.com/media/catalog/product/cache/1/image/9df78eab33525d08d6e5fb8d27136e95/x/i/xiaomi-yi2-4k-action-camera-featured-image.jpg,https://www.amazon.com/dp/B01CW4AZ4M?tag=bsanie00-20,YI 4K  Action Camera,209,YI 4K  Action Camera
5c3d6ef630e0a600043653bc,in stock,new,View to see more information on Amazon,https://static.designboom.com/wp-content/uploads/2014/10/recon-instruments-JET-designboom04.jpg,https://www.amazon.com/Recon-Smart-Eyewear-Sports-Fitness/dp/B00MCJ4CKG?tag=bsanie00-20,Recon Jet Smart Eyewear,995,Recon Jet Smart Eyewear
5c3d6f6a30e0a600043653bd,in stock,new,View to see more information on Amazon,https://images-na.ssl-images-amazon.com/images/I/419ub-IS9JL._SX679_.jpg,https://www.amazon.com/Pulomi-Translator-Electronic-Bluetooth-Languages/dp/B07BSR1CKL?tag=bsanie00-20,TT Easy Trans Smart Language Translator,99,TT Easy Trans Smart Language Translator
5c3d6fee30e0a600043653be,in stock,new,View to see more information on Amazon,https://blog.pricecheck.co.za/wp-content/uploads/2018/08/Samsung-Galaxy-Watch-full-1.jpg,https://www.amazon.com/Samsung-Galaxy-Silver-Bluetooth-SM-R800NZSAXAR/dp/B07FTKJCMT?tag=bsanie00-20,Samsung Galaxy Watch (46mm),324,Samsung Galaxy Watch (46mm)
5c3d706f30e0a600043653bf,in stock,new,View to see more information on Amazon,https://www.jbl.com/on/demandware.static/-/Sites-JB-US-Library/default/dwe42190ea/glp/waterproof/images/flip4-visual.jpg,https://www.amazon.com/JBL-Waterproof-Portable-Bluetooth-Black/dp/B01MSYQWNY?tag=bsanie00-20,JBL Flip 4,70,JBL Flip 4
5c3d70c530e0a600043653c0,in stock,new,View to see more information on Amazon,http://bq.sg/wp-content/uploads/2017/12/img36256d9edf8e9416f07781e0a04aa0b2.jpeg,https://www.amazon.com/JBL-JBLCHARGE3BLKAM-Waterproof-Portable-Bluetooth/dp/B01F24RHF4?tag=bsanie00-20,JBL Charge 3,99,JBL Charge 3
5c3d713f30e0a600043653c1,in stock,new,View to see more information on Amazon,https://assets.pcmag.com/media/images/554491-bose-soundlink-micro.jpg?thumb=y&width=980&height=647,https://www.amazon.com/Bose-SoundLink-Micro-Bluetooth-speaker/dp/B0748N1BZD?tag=bsanie00-20,Bose SoundLink Micro,99,Bose SoundLink Micro
5c3d719e30e0a600043653c2,in stock,new,View to see more information on Amazon,http://vivalifestyleandtravel.com/images/cache/c-1509336954-1510682684.jpg,https://www.amazon.com/Powerbeats3-Wireless-Earphones-Neighborhood-Collection/dp/B0765H4MND?tag=bsanie00-20,Powerbeats3,99,Powerbeats3
5c3d78f630e0a600043653c3,in stock,new,View to see more information on Amazon,https://techcrunch.com/wp-content/uploads/2018/03/remote-tv.jpg?w=730&crop=1,https://www.amazon.com/NEEO-Universal-Automation-Controls-Philips/dp/B07CS2LY4P?tag=bsanie00-20,NEEO - Smart Home Remote,400,NEEO - Smart Home Remote
5c415eb37d4e81000443a4cc,in stock,new,View to see more information on Amazon,https://img.purch.com/o/aHR0cHM6Ly93d3cubGFwdG9wbWFnLmNvbS9pbWFnZXMvdXBsb2Fkcy81NTg0L2cvbWFjYm9vay1haXItbGF0ZS0yMDE4LTAwNC5qcGc=,https://www.amazon.com/Apple-MacBook-13-inch-display-dual-core/dp/B07JZYWCV1?tag=bsanie00-20,MacBook Air (2018),1129,MacBook Air (2018)
5c415f7a7d4e81000443a4cd,in stock,new,View to see more information on Amazon,https://icdn2.digitaltrends.com/image/razer-blade-2018-review-front-gaming-720x720.jpg,https://www.amazon.com/Razer-Blade-15-Smallest-i7-8750H/dp/B07HPQPNV1?tag=bsanie00-20,Razer Blade 15,1598,Razer Blade 15
5c4160097d4e81000443a4ce,in stock,new,View to see more information on Amazon,http://gearopen.com/wp-content/uploads/2016/04/Untitled-3.png,https://www.amazon.com/Dell-9360-Anti-Glare-InfinityEdge-Touchscreen/dp/B074G5DQ5M?tag=bsanie00-20,Dell XPS 13,890,Dell XPS 13
5c41607a7d4e81000443a4cf,in stock,new,View to see more information on Amazon,https://img.purch.com/o/aHR0cHM6Ly93d3cubGFwdG9wbWFnLmNvbS9pbWFnZXMvdXBsb2Fkcy9wcHJlc3MvNDU2MTUvaHVhd2VpLW1hdGVib29rLXgtcHJvLTItMDA3LmpwZw==,https://www.amazon.com/Huawei-MateBook-Signature-i7-8550U-GeForce/dp/B07CTHN94Z?tag=bsanie00-20,Huawei MateBook X Pro,1349,Huawei MateBook X Pro
5c4161477d4e81000443a4d0,in stock,new,View to see more information on Amazon,https://www.technobuffalo.com/wp-content/uploads/2016/11/macbook-pro-touch-bar-review-6-470x310@2x.jpg,https://www.amazon.com/Apple-MacBook-Retina-2-2GHz-6-Core/dp/B07FK9H65N?tag=bsanie00-20,Macbook Pro 2018,2149,Macbook Pro 2018
5c4161f47d4e81000443a4d1,in stock,new,View to see more information on Amazon,https://massdrop-s3.imgix.net/img_thread/bfjHTIsqS2KyMWDyCeDt_1.jpg?auto=format&fm=jpg&fit=min&w=796&dpr=1,https://www.amazon.com/Gigabyte-AORUS-Gaming-Graphic-GV-N1070IXEB-8GD/dp/B073PYMG3G?tag=bsanie00-20,Gigabyte AORUS GTX 1070 eGPU,525,Gigabyte AORUS GTX 1070 eGPU
5c47fcb14160cf0004143277,in stock,new,View to see more information on Amazon,https://cdn.vox-cdn.com/thumbor/zmr3vabN9MGJ3-dMAbK2oBIQ1yw=/0x0:2040x1360/1200x800/filters:focal(857x517:1183x843)/cdn.vox-cdn.com/uploads/chorus_image/image/56789263/akrales_170919_1976_0104.0.jpg,https://www.amazon.com/Apple-TV-32GB-4th-generation/dp/B075NFX24M?tag=bsanie00-20,"Apple TV (32GB, 4th generation)",149,"Apple TV (32GB, 4th generation)"
